[{"@type":"connection","id":"@1","name":"Sample CSV Connection","runtimeEnvironmentId":"@4eu6pr012mmc68TIhNYnIN","instanceName":"MockConnector","type":"TOOLKIT","port":0,"majorUpdateTime":"2019-02-13T05:02:11.000Z","timeout":60,"connParams":{"agentId":"008000000000003","Write Folder Location":"temp/0102F603000000000002/CSV","Access Key":"********","agentGroupId":"025000000000002","Master Symmetric Key":"********","Connection Type":"CSV","Region Name":"US West(Oregon)","Secret Key":"********","Folder Path":"ics-qa-cloudtrial-bucket","Code Page":"UTF-8","orgId":"0102F6"}}]